word	jp_defs	jp_trans
거나	-거나「어미」1.か。とか 2.ても。であっても	前の言葉と後の言葉のうち、どちらかが選択されうるという意を表す「連結語尾」。  複数のうちどれが起こっても後の内容とは関係ないという意を表す「連結語尾」。 
거니	-거니「어미」1.だから。であるのに 2.たり。だの。とか 3.だと。であろうと。にちがいないと 4.だと。であろうと。にちがいないと	前の事柄を認めながら、それが後の事柄の前提や条件になるという意を表す「連結語尾」で、古めかしい言い方。 相反する二つの動作や状態が繰り返されるという意を表す「連結語尾」。 ある事実を推測してそれを認めるという意を表す「連結語尾」。 (下称) 経験に基づき、ある事実を認めるという意を表す「終結語尾」。 
거니와	-거니와「어미」1.だけでなく。ばかりではなく 2.が。けど。けれども	前述の内容を認めたうえで、それと関連した他の事実もあるという意を表す「連結語尾」で、古めかしい言い方。 前述の事柄がすぐ起きるということを示しながら、それに関する内容を後に結び付ける「連結語尾」で、古めかしい言い方。
거든	-거든「어미」1.れば。であるなら。たら。なら 2.のにまして。のにいわんや 3.だもの。んだよ。からね 4.れば。であるなら。たら。なら	「ある事が事実であれば、または事実として実現すれば」という意を表す「連結語尾」。 前の事柄を例にあげ、後の事柄が当然事実であるという意を表す「連結語尾」。 (略待下称) 前の事柄について話し手が考えている理由や原因・根拠の意を表す「終結語尾」。 (略待下称) 次に述べる話の前置きを提示し、あとに話が続くという意を表す「終結語尾」。
거들랑	-거들랑「어미」1.れば。だったら。であったら。たら。なら 2.だもの。んだよ。からね 3.れば。であるなら。たら。なら	「ある事が事実であれば、または事実として実現すれば」という意を表す「連結語尾」。 (略待下称) 前の事柄について話し手が考えている理由や原因・根拠の意を表す「終結語尾」。 (略待下称) 次に述べる話の前置きを提示し、あとに話が続くという意を表す「終結語尾」。
거라	-거라「어미」なさい。しろ。せよ 	(下称) 命令の意を表す「終結語尾」。
건	-건「어미」ようと。であろうと	複数のうちどれが実現しようと後の内容とは関係ないという意を表す「連結語尾」。
건대	-건대「어미」すれば。すると	話し手が自分の考えや願いなどを述べるにあたって、予めその旨を知らせるという意を表す「連結語尾」。 
건마는	-건마는「어미」ではあるが。にもかかわらず	前の事柄からして期待されていたものとは異なる結果が後にくるという意を表す「連結語尾」。
건만	-건만「어미」ではあるが。にもかかわらず	前の事柄からして期待されていたものとは異なる結果が後にくるという意を表す「連結語尾」。
걸랑	-걸랑「어미」1.れば。だったら。であったら。たら。なら 2.だもの。んだよ。からね 3.のよ	「ある事が事実であれば、または事実として実現すれば」という意を表す「連結語尾」。 (略待下称) 前の事柄について話し手が考えている理由や原因・根拠の意を表す「終結語尾」。 (略待下称) 次に述べる話の前置きを提示し、あとに話が続くという意を表す「終結語尾」。
것다	-것다「어미」よな。だろう。であろう	(下称)経験上、間違いないと思ったり、念を押して確かめたりする意を表す「終結語尾」で、古めかしい言い方。
게	-게「어미」…く。…に。ように。ほど	前の事柄が後の事柄の目的・結果・方法・程度などになるという意を表す「連結語尾」。
게	-게「어미」1.だよね。よね 2.だよ 3.とおもう【と思う】 4.よね 5.たいのか	(略待下称) 前の事柄がそうであれば次にはこんな事柄がくると推測し、それを尋ねる意を表す「終結語尾」。 (略待下称) 前の事柄が事実であれば次にくる事柄は当然実現するはずだろうが、実際はそうではないという意を表す「終結語尾」。 (略待下称) 聞き手に推測して答えてみるよう尋ねるのに用いる「終結語尾」。 (略待下称) 前の文の内容に関する根拠を提示するのに用いる「終結語尾」。 (略待下称) 相手の意図を尋ねるのに用いる「終結語尾」。
게	-게「어미」なさい	(等称) 目下や親しい関係の人に命令する意を表す「終結語尾」。
게끔	-게끔「어미」ように	前の事柄が後の事柄の目的・結果・方法・程度などになるということを強調していう「連結語尾」。
게나	-게나「어미」なさい	(等称) 親しみをこめて命令する意を表す「終結語尾」。
겠	-겠-「어미」1.だろう 2.よう 3.（ら）れる 4.(対訳語無し) 5.(対訳語無し)	未来の事や推量を表す語尾。 話し手の意志を表す語尾。 可能性や能力を表す語尾。 婉曲に述べる態度を表す語尾。 推測してみればそうなるという意を表す語尾。
고	-고「어미」1.て 2.て 3.て 4.たり。とか 5.て 6.て。で	二つ以上の対等な事柄を並べ立てるのに用いる「連結語尾」。 前の事柄と後の事柄が順次に起こるという意を表す「連結語尾」。 前の言葉の表す動作やその結果が、次にくる動作が行われる間にもそのまま持続されるという意を表す「連結語尾」。 互いに反対の意味になる言葉を並べ立てるのに用いる「連結語尾」。 形容詞を反復して使うことでその意味を強調するのに用いる「連結語尾」。 「이다」、動詞と形容詞を補助用言「있다」「싶다」「말다」「나다」などにつなげる役割をする「連結語尾」。
고	-고「어미」1.の。だ。のか 2.て。なさい	(略待下称) 主に誰かの話に対する返事として使用され、次にくる質問表現を省略したまま文を終わらせるのに用いる「終結語尾」。 (略待下称) 後にくる命令表現を省略したような感じで柔らかい口調で命令するのに用いる「終結語尾」。
고는	-고는「어미」ては	同じ事が繰り返されるという意を表す「連結語尾」。
고는	-고는「어미」ては	前の事柄が後の事柄の前提や条件になるという意を表す「連結語尾」。
고도	-고도「어미」ても。てもなお	ある事実や感じをいいながら、それとは反対の特性や異なる特性があるということを続けて言うのに用いる「連結語尾」。
고말고	-고말고「어미」とも	(略待下称) 相手の話に対して肯定的な返答をするか同意を表しながらその旨を強調する意を表す「終結語尾」。
고서	-고서「어미」1.てから 2.てから。たら 3.て。たけっか【した結果】	前に述べる事柄が後に述べる事柄より先に起こったり、または、後に述べる事柄の理由や原因になったことを強調していう「連結語尾」。 後に述べる事柄の成立には前に述べる事柄が条件になるという意を表す「連結語尾」。 前の事柄と後の事柄が相反する内容であるという意を表す「連結語尾」。
고야	-고야「어미」1.て 2.ては。たのでは	動作や行為が終わったこと、または最終段階に至ってようやく実現したことを強調していう「連結語尾」。 前の事柄が後の事柄の条件になることを強調していう「連結語尾」。
고자	-고자「어미」ようと	話し手が何らかの目的や意図・希望などを持っている意を表す「連結語尾」。
곤	-곤「어미」たり	同じ事が繰り返されるという意を表す「連結語尾」。 
곤	-곤「어미」て。ては	前にくる言葉が後にくる言葉の前提や条件になるという意を表す「連結語尾」。
구나	-구나「어미」（だ）な。（だ）ね	(下称) 新しく知った事実に何らかの感情をこめて述べるという意を表す「終結語尾」。
구려	-구려「어미」1.（だ）ね。（だ）なあ 2.たら。てほしい	(中称) 新しく知った事実に感嘆する意を表す「終結語尾」。 (中称) 相手に勧めたり控えめに命令する意を表す「終結語尾」。
구만	-구만「어미」	
구먼	-구먼「어미」（だ）ね。（だ）なあ	(略待下称) 新しく知った事実に注目したり感嘆する意を表す「終結語尾」。
군	-군「어미」1.（だ）ね。（だ）なあ 2.（だ）ね。（だ）なあ	(略待下称) 新しく知った事実に注目したり感嘆する意を表す「終結語尾」。 (下称) ある事実を新しく確認したり悟ってから感嘆する意を表す「終結語尾」。 
기	-기「어미」こと	前の言葉を名詞化する語尾。
기는	-기는「어미」1.だなんて 2.（だ）ね。（だ）なあ	相手の話を軽く否定したり反駁する意を表す「終結語尾」。 相手を軽く非難したり責める意を表す「終結語尾」。
기로	-기로「어미」1.ので。から 2.ても。であっても	後にくる事柄の理由や条件を表す「連結語尾」。 「前の言葉の内容がそうだとしても」という意を表す「連結語尾」。
기로서	-기로서「어미」ても。であっても	「前の文の内容がいくらそうだとしても」という意を強調して表す「連結語尾」。
기로서니	-기로서니「어미」でも。であっても	「前の文の内容がいくらそうだとしても」という意を強調して表す「連結語尾」。
기에	-기에「어미」から。ので。ため	後にくる事柄の原因や根拠を述べる意を表す「連結語尾」。
긴	-긴「어미」1.だなんて。とは 2.だなんて。とは。（だ）ね。（だ）なあ	相手の話を軽く否定したり反駁する意を表す「終結語尾」。 相手を軽く非難したり責める意を表す「終結語尾」。
길래	-길래「어미」から。ので。ため	後にくる事柄の原因や根拠を述べる意を表す「連結語尾」。
나	-나「어미」1.（だ）が。（だ）けど。ものの 2.ても。でも。であっても。にしても。にしろ。にせよ 3.(対訳語無し)	前の事柄と後の事柄が異なる内容であるという意を表す「連結語尾」。 複数のうちどれを選択しても関係ないという意を表す「連結語尾」。 前の言葉の表す状態を強調するのに用いる「連結語尾」。
나	-나「어미」1.か。のか 2.だろうか。であろうか	(等称) 質問の意を表す「終結語尾」。 自問や推量の意を表す「終結語尾」。
나마	-나마「어미」でも。だけでも。ぐらい	満足できる状況ではないが、後にくる話の条件にはなるという意を表す「連結語尾」。
남	-남「어미」（どうして）のか。（どうして）のだろうか。	(下称) 何かについて自問したり不平を言う意を表す「終結語尾」。
냐	-냐「어미」か。のか	(下称) 質問の意を表す「終結語尾」。
냐고	-냐고「어미」1.かだと。かだって 2.かだと。かだって	(略待下称) すでにした質問を改めて尋ねる意を表す「終結語尾」。 (略待下称) 他人の質問に対して聞き返すのに用いる「終結語尾」。
냐느니	-냐느니「어미」かとか	ああ尋ねたりこう尋ねたりする意を表す「連結語尾」。
너라	-너라「어미」なさい	(下称) 命令の意を表す「終結語尾」。
네	-네「어미」1.よ 2.（だ）なあ。（だ）ね。（なの）か。（だ）よ	(等称) 単純な叙述を表す「終結語尾」。 (下称) その場で悟った事について述べるという意を表す「終結語尾」。 
느냐	-느냐「어미」か。のか	(下称) 質問の意を表す「終結語尾」。
느냐고	-느냐고「어미」1.（の）かと。（の）かって 2.（の）かと。（の）かって	(略待下称) すでにした質問を改めて尋ねる意を表す「終結語尾」。 (略待下称) 他人の質問に対して聞き返すのに用いる「終結語尾」。
느니	-느니「어미」より	前の事柄より後の事柄のほうが良いという意を表す「連結語尾」。
느니	-느니「어미」とか。（だ）の。やら	主に相反する言葉や考え・意見などを並べ立てる意を表す「連結語尾」。
느니	-느니「어미」のだ。ものだ	(等称) 真理や当然な事実を述べる意を表す「終結語尾」。
느니라	-느니라「어미」よ。のだ	(下称)一般的な真理や経験から分かる、普遍的な事実を教えるのに用いる「終結語尾」で、古めかしい言い方。
느니만	-느니만「어미」より	何かと比較される行動の意を表す「連結語尾」。
느니만큼	-느니만큼「어미」だけに。だけあって	前の事柄の内容を認め、それが後にくる事柄の原因や根拠になるという意を表す「連結語尾」。
느라	-느라「어미」ために。ため	前の言葉の表す行動が後にくる言葉の目的や原因になるという意を表す「連結語尾」。
느라고	-느라고「어미」ために。ため	前の言葉の表す行動が後にくる言葉の目的や原因になるという意を表す「連結語尾」。
는	-는-「어미」する。ている	出来事や動作が現在進行中であるという意を表す語。
는	-는「어미」する。ている	前の言葉に連体修飾語の機能を持たせ、出来事や動作が現在進行中であるという意を表す語尾。
는가	-는가「어미」1.か。のか 2.だろうか。であろうか	(等称) 現在の事実について質問する意を表す「終結語尾」。 話し手が自問したり推量するのに用いる「終結語尾」。
는감	-는감「어미」か。のか	(等称) ある事実について軽く反駁する意を表す「終結語尾」。
는걸	-는걸「어미」1.（だ）ね。（だ）よ。（だ）なあ 2.(だ）よ。ものを。のに	(略待下称) 話し手が新しく知った事実について感嘆するように述べる意を表す「終結語尾」。 (略待下称) 自分の考えや主張を説明するように述べたりその根拠を示したりするのに用いる「終結語尾」。
는고	-는고「어미」1.（なの）か  2.（なの）か	(下称) 現在の事実に対して謹厳に尋ねたり責めたりする意を表す「終結語尾」で、古めかしい言い方。  (下称) 自問や推量の意を表す「終結語尾」で、古めかしい言い方。 
는구나	-는구나「어미」（だ）ね。（だ）よね。（だ）なあ	(下称) 新しく知った事実に何らかの感情をこめて述べるという意を表す「終結語尾」。
는구려	-는구려「어미」ね。よね。なあ	(中称) 新しく知った事実に感嘆する意を表す「終結語尾」。
는구만	-는구만「어미」	
는구먼	-는구먼「어미」（だ）ね。（だ）よね。（だ）なあ	(下称) 新しく知った事実に注目したり感嘆する意を表す「終結語尾」。
는군	-는군「어미」1.（だ）ね。（だ）よね。（だ）なあ 2.（だ）ね。（だ）よね。（だ）なあ	(下称) 新しく知った事実に注目したり感嘆する意を表す「終結語尾」。 (下称) 新しく知った事実に何らかの感情をこめて述べるという意を表す「終結語尾」。
는다	-는다「어미」する。ている	(下称) 現在の出来事や事実を叙述する意を表す「終結語尾」。
는다	-는다「어미」か。のか	(下称) 自問するのに用いる「終結語尾」。
는다고	-는다고「어미」1.ために。といって【と言って】。たいといって【たいと言って】 2.といって【と言って】。というように【と言うように】	ある行為の目的や意図を表したり、ある状況の理由や原因を表す「連結語尾」。 諺などにおける「その言葉通りに」という意を表す「連結語尾」。
는다고	-는다고「어미」1.って。のだって。のだってば 2.って。のだって 3.だとおもった【だと思った】	(略待下称) 話し手の考えや主張を聞き手に強調して述べる意を表す「終結語尾」。 (略待下称) 聞いた事を聞き返しながら確認する意を表す「終結語尾」。  (略待下称) ある事実が予想したものとは異なっていることを確認し、悟ったような口調で述べる意を表す「終結語尾」。 
는다나	-는다나「어미」1.とか。とかいっていた【とか言っていた】 2.とか	他人の話を伝えながらその内容に対する不満や面倒な気持ちを表す「終結語尾」。 ある事柄について無関心な態度で確信なく述べるという意を表す「終結語尾」。
는다네	-는다네「어미」よ。んだよ	(等称)話し手がすでに知っていることを客観化して聞き手に知らせるという意を表す「終結語尾」。
는다느니	-는다느니「어미」とか。だの	ああしたりこうしたりするという意を表す「連結語尾」。
는다니	-는다니「어미」の。のかな	(略待下称) 意外なことに驚いて聞き返したり感嘆するのに用いる「終結語尾」。
는다니	-는다니「어미」というの	(下称) ある事実を認めた上で、それに対する疑問の意を表す「終結語尾」。
는다니까	-는다니까「어미」って。んだよ。というから	(略待下称) 前述した内容を改めて確認しながら話し手が自分の言葉を強調するという意を表す「終結語尾」。
는다마는	-는다마는「어미」するにはするが	前の話の内容を認めながらもそれに反する内容や関係のない話を付け加えて述べるのに用いる「連結語尾」。
는다만	-는다만「어미」するにはするが	前の話の内容を認めながらもそれに反する内容や関係のない話を付け加えて述べるのに用いる「連結語尾」。
는다며	-는다며「어미」そうだね。んだってな	(略待下称) 話し手が聞いて知っている事実について聞き手に確認を要求する意を表す「終結語尾」。 
는다면	-는다면「어미」なら。のなら。のだったら	ある事実や状況を仮定するという意を表す「連結語尾」。
는다면서	-는다면서「어미」そうだね。んだってな	(略待下称) 他人から聞いて知っている事実について聞き手に確認を要求するのに用いる「終結語尾」。 
는다오	-는다오「어미」よ。んですよ	(中称) 話し手がすでに知っていることを客観化して聞き手に伝えるという意を表す「終結語尾」。
는다지	-는다지「어미」って。んだって。んだってな	(略待下称) 話し手がすでに知っている事実について聞き手に確認を要求するのに用いる「終結語尾」。
는단다	-는단다「어미」よ。んだよ	(下称) 話し手がすでに知っている事実を客観化して伝えるという意を表す「終結語尾」。 
는담	-는담「어미」（どうして）のか。（どうして）のだろうか。	(下称) ある事実について自問したり不平を言う意を表す「終結語尾」。
는답니까	-는답니까「어미」というんですか【と言うんですか】	(上称) ある事実を与えられたものとみなし、その事実に対する疑問の意を表す「終結語尾」。 
는답니다	-는답니다「어미」んですよ	(上称) 話し手がすでに知っていることを客観化して聞き手に知らせるという意を表す「終結語尾」。
는답시고	-는답시고「어미」とかいって。からといって	主語が前の事柄を後にくる行動の根拠として示すことを、話し手が悪く評価する意を表す「連結語尾」。
는대	-는대「어미」の。のよ	(略待下称) 前の話が表す事実について強く否定したり疑問を提起するのに用いる「終結語尾」。 
는대요	-는대요「어미」ですって。そうです	(略待上称) 話し手が知っていることを他人に言いつける意を表す「終結語尾」。 
는데	-는데「어미」1.が。けど 2.（だ）ね。（だ）なあ 3.の	何かを言うための前置きとして、それと関連した状況を前もって述べるという意を表す「連結語尾」。 (略待下称) 聞き手の反応を期待しながら何かについて感嘆しているという意を表す「終結語尾」。 一定の答えを求めて問うという意を表す「終結語尾」。
는도다	-는도다「어미」1.のだ。のである 2.（だ）ね。（だ）なあ	述べたい話を躊躇なく述べるという意を表す「終結語尾」で、古めかしい言い方。 ある事実について感嘆するように述べるという意を表す「終結語尾」で、古めかしい言い方。
는바	-는바「어미」たところ	次に述べる事柄と関連して、すでに実現しているある状況を背景や根拠として前もって提示するのに用いる「連結語尾」。
는지	-는지「어미」1.か。かどうか。のか。ためか 2.か。かな	次にくる事柄に関する漠然とした理由や判断の意を表す「連結語尾」。 (略待下称) 漠然とした疑問の意を表す「終結語尾」。
니	-니「어미」1.から。ので。ため。ゆえ【故】  2.たら。と	後にくる事柄に対して前の事柄が原因や根拠・前提になるという意を表す「連結語尾」。 前述した内容と関連した別の事実を続けて説明するのに用いる「連結語尾」。
니	-니「어미」やら。とか。だの。の	主に相反する言葉や考え・意見などを並べ立てることを表す「連結語尾」。
니	-니「어미」ものだ。のだ。のである	(等称) 真理や当然な事実を述べる意を表す「終結語尾」。
니	-니「어미」か	(下称) 質問の意を表す「終結語尾」。
니까	-니까「어미」から。ので。ため。て	後にくる事柄に対して前の事柄が原因や根拠・前提になることを強調していう「連結語尾」。
니까는	-니까는「어미」から。ので。ため。て	後にくる事柄に対して前の事柄が原因や根拠・前提になることを特に強調していう「連結語尾」。
니깐	-니깐「어미」から。ので。ため。て	後にくる事柄に対して前の事柄が原因や根拠・前提になることを特に強調していう「連結語尾」。
니라	-니라「어미」よ。のだ	(下称)一般的な真理や経験から分かる、普遍的な事実を教えるのに用いる「終結語尾」で、古めかしい言い方。
니만큼	-니만큼「어미」だけに。だけあって	前の事柄を認め、それが後にくる事柄の原因や根拠になるという意を表す「連結語尾」。
다	-다「어미」1.…かけて。とちゅうで【途中で】。ていて 2.ていて。ていたら 3.たり	ある行動や状態などが中断され、別の行動や状態に変わる意を表す「連結語尾」。 前の事柄の内容が後の事柄の原因や根拠になるという意を表す「連結語尾」。 二つ以上の事柄が順番を変えながら起こるという意を表す「連結語尾」。
다	-다「어미」1.する。…い。…だ。である 2.する 3.する。…い。…だ。である	(下称) 現在の出来事や事実を叙述する意を表す「終結語尾」。 間接的に聞いたり読んだりする人がいると思われる文の題名などにおいて、過去の動作を簡略に述べる意を表す「終結語尾」。 「이다」、動詞と形容詞の基本形の意を表す「終結語尾」。
다가	-다가「어미」1.…かけて。とちゅうで【途中で】。ていて 2.ていて。ていたら 3.たり	ある行動や状態などが中断され、別の行動や状態に変わる意を表す「連結語尾」。 前の事柄の内容が後の事柄の原因や根拠になるという意を表す「連結語尾」。 二つ以上の事柄が順番を変えながら起こるという意を表す「連結語尾」。
다가는	-다가는「어미」1.…かけて。とちゅうで【途中で】。ていて 2.ていたら。ていては。ていると	ある行動や状態などが中断され、別の行動や状態に変わる意を表す「連結語尾」。 先に取った行動や先の状態が続くと、好ましくない状況や意外な結果になるという意を表す「連結語尾」。
다간	-다간「어미」1.…かけて。とちゅうで【する途中で】。ては。ていては 2.ていたら。ていては。ていると	ある行動や状態などが中断され、別の行動や状態に変わる意を表す「連結語尾」。 先に取った行動や先の状態が続くと、好ましくない状況や意外な結果になるという意を表す「連結語尾」。
다고	-다고「어미」1.といって 2.というように	ある行為の目的・意図、またはある状況の理由・原因の意を表す「連結語尾」。 諺などにおける「その言葉通りに」という意を表す「連結語尾」。
다고	-다고「어미」1.って。だってば 2.って。んだって 3.とおもっていた【と思っていた】	(略待下称) 話し手の考えや主張を強調する意を表す「終結語尾」。 (略待下称) 聞いた事実を聞き返しながら確認する意を表す「終結語尾」。  (略待下称) ある事実が予想したものとは異なっていることを確認し、悟ったような口調で述べる意を表す「終結語尾」。 
다나	-다나「어미」1.とか 2.んだって。そうだ。らしい。という	他人の話を伝えながらその内容に対する不満や面倒な気持ちを表す「終結語尾」。 ある事柄について無関心な態度で確信なく述べるという意を表す「終結語尾」。
다네	-다네「어미」のだ。のである	(等称)話し手がすでに知っていることを客観化して聞き手に知らせるという意を表す「終結語尾」。
다느니	-다느니「어미」とか。だの	ああしたりこうしたりするという意を表す「連結語尾」。
다니	-다니「어미」の。のか。なんて。とは。って	(略待下称) 意外なことに驚いて聞き返したり感嘆するのに用いる「終結語尾」。
다니	-다니「어미」の。のか。か	(等称) ある事実を認めた上で、それに対する疑問の意を表す「終結語尾」。
다니까	-다니까「어미」よ。って。ってば。ってのに	(略待下称) 前述した内容を改めて確認しながら話し手が自分の言葉を強調するという意を表す「終結語尾」。
다마는	-다마는「어미」が。けれども。けれど。けど	前の話の内容を認めながらもそれに反する内容や関係のない話を付け加えて述べるのに用いる「連結語尾」。
다마다	-다마다「어미」とも。のはもちろんだ。のはたしかだ【のは確かだ】	(略待下称) 相手の話や質問に同意したり肯定的であることを強調する意を表す「終結語尾」。
다만	-다만「어미」が。けれども。けれど。けど	前の話の内容を認めながらもそれに反する内容や関係のない話を付け加えて述べるのに用いる「連結語尾」。
다며	-다며「어미」そうだね。だってな	(略待下称) 話し手が聞いて知った事実について聞き手に確認を要求する意を表す「終結語尾」。 
다면	-다면「어미」たら。なら。というなら	ある事実や状況を仮定する意を表す「連結語尾」。
다면서	-다면서「어미」そうだね。だってな	(略待下称) 聞いて知った事実について聞き手に確認を要求するのに用いる「終結語尾」。 
다시피	-다시피「어미」1.とおり【通り】。ように【様に】 2.ように【様に】	聞き手がすでに知っていることと同じであることを表す「連結語尾」。 その動作に近いことをするという意を表す「連結語尾」。
다오	-다오「어미」んですよ	(中称) 話し手がすでに知っていることを客観化して聞き手に知らせるという意を表す「終結語尾」。
다지	-다지「어미」そうだね。って。だってな。だと	(略待下称) 話し手がすでに知っている事実について聞き手に確認を要求するのに用いる「終結語尾」。
단	-단「어미」1.…かけて。とちゅうで【する途中で】 2.ていたら。ていては	ある行動や状態などが中断され、別の行動や状態に変わる意を表す「連結語尾」。 先に取った行動や先の状態が続くと、好ましくない状況や意外な結果になるという意を表す「連結語尾」。
단다	-단다「어미」よ	(下称) 話し手がすでに知っていることを客観化して聞き手に知らせるという意を表す「終結語尾」。
담	-담「어미」（どうして）のか。（どうして）のだろうか。	(下称) ある事実について自問したり不平を言う意を表す「終結語尾」。
답니까	-답니까「어미」んですか。といっていますか【と言っていますか】	(上称) ある事実を認めた上で、それに対する疑問の意を表す「終結語尾」。
답니다	-답니다「어미」んです	(上称)話し手がすでに知っていることを客観化して聞き手に知らせるという意を表す「終結語尾」。
답시고	-답시고「어미」からといって。とかいって	主語が前の事柄を後にくる行動の根拠として示すことを、話し手が悪く評価する意を表す「連結語尾」。
대	-대「어미」の。のか	(略待下称) 前の言葉の表す事実について強く否定したり疑問を提起するのに用いる「終結語尾」。 
대요	-대요「어미」んですよ。そうですよ	(略待上称) 話し手が知っていることを他人に言いつける意を表す「終結語尾」。 
더	-더-「어미」(対訳語無し)	過去のある時に直接経験して知った事実を現在の話し合いの場にそのまま持ち込んで伝えるという意を表す語尾。
더구나	-더구나「어미」たよ。ていたよ	(下称) 直接経験して新しく知った事実を知らせるのに用いる「終結語尾」。
더구려	-더구려「어미」たよ。ていたよ	(中称) 過去に直接経験して知った事実を聞き手に話しながらそれについて感嘆する意を表す「終結語尾」。 
더구만	-더구만「어미」	
더구먼	-더구먼「어미」たよ。ていたよ	(略待下称) 過去に直接経験して知った事実を聞き手に話しながらそれについて感嘆する意を表す「終結語尾」。
더군	-더군「어미」1.たよ。ていたよ 2.たよ。たな	(略待下称) 過去に直接経験して知った事実を聞き手に話しながらそれについて感嘆する意を表す「終結語尾」。  (下称) 直接経験して新しく知った事実を知らせるのに用いる「終結語尾」。
더냐	-더냐「어미」たのか。ていたか	(下称) 過去を回想して質問する意を表す「終結語尾」。
더니	-더니「어미」1.たら。と 2.たが。ていたけど。かとおもったら【かと思ったら】 3.たけっか【た結果】。たうえに【た上に】	過去の事実や状況に次いで、ある事実や状況が起こるという意を表す「連結語尾」。 過去の経験を通して知った事実と異なる新しい事実があるという意を表す「連結語尾」。 過去のある事実について、それと関連したもう一つの事実があるという意を表す「連結語尾」。
더니	-더니「어미」たが。たけど。たのに	過去に直接経験して知った事実を回想しながら現在はそれと対比される状況があることを仄めかす「終結語尾」。
더니마는	-더니마는「어미」1.たら。と。て 2.たが。ていたけれど 3.たが。たけっか【た結果】。たうえに【た上に】	過去の事実や状況に次いで、ある事実や状況が起こるという意を強調して表す「連結語尾」。 過去の経験を通して知った事実と異なる新しい事実があるという意を強調して表す「連結語尾」。 過去のある事実について、それと関連したもう一つの事実があるという意を強調して表す「連結語尾」。
더니만	-더니만「어미」1.たら。と。て 2.たが。ていたけれど 3.たら。たけっか【た結果】。たうえに【た上に】	過去の事実や状況に次いで、ある事実や状況が起こるという意を強調して表す「連結語尾」。 過去の経験を通して知った事実と異なる新しい事実があるという意を強調して表す「連結語尾」。 過去のある事実について、それと関連したもう一つの事実があるという意を強調して表す「連結語尾」。
더라	-더라「어미」たよ。ていたよ	(下称) 直接経験して新しく知った事実を今伝えるという意を表す「終結語尾」。
더라나	-더라나「어미」とか	他人からの話を伝えながらその内容に対する不満や面倒な気持ちを表す「終結語尾」。
더라니	-더라니「어미」とおもったよ【と思ったよ】。んだから	(下称) ある結果が自分の予想通りになったことについて根拠を示して述べるという意を表す「終結語尾」。
더라니까	-더라니까「어미」たよ。ていたよ	(略待下称) 話し手が過去に直接経験したことを聞き手に確認させたり強調して述べるという意を表す「終結語尾」。
더라도	-더라도「어미」ても。でも。であっても。としても	前の事柄を仮定したり認めたりするものの、後の事柄とは関係がないかそれに影響を及ぼさないという意を表す「連結語尾」。
더라며	-더라며「어미」たそうだね。んだってな	(下称) 話し手が過去に他人から聞いて知った事実について聞き手に確認を要求する意を表す「終結語尾」。
더라면	-더라면「어미」たなら。たならば。ていたら	過去の事実に反する仮定をして後悔や残念な気持ちなどを表す「連結語尾」。
더라면서	-더라면서「어미」たそうだね。だってな	(下称) 話し手が過去に他人から聞いて知った事実について聞き手に確認を要求する意を表す「終結語尾」。
던	-던「어미」たの。たのか	(下称) 聞き手が過去の特定時に直接経験した事実について親しみをこめて尋ねるのに用いる「終結語尾」。
던	-던「어미」…かけた。…かけの。ていた	前の言葉に連体修飾語の機能を持たせ、出来事や動作が過去に完了せずに中断されたという意を表す語尾。
던가	-던가「어미」1.たの。たのか 2.たか。たかな。たのかな	(等称) 過去の事実に関する質問の意を表す「終結語尾」。 過去の事実について自問したり推量するのに用いる「終結語尾」。
던감	-던감「어미」たか。たかな。たのかな	(等称) 過去のある事実に対して軽く反駁する意を表す「終結語尾」。
던걸	-던걸「어미」1.たよ。ていたよ。たんだよ。ていたんだよ 2.たよ。ていたよ。たんだよ。ていたんだよ	(略待下称) 話し手が過去に新しく知った事実について感嘆するように述べる意を表す「終結語尾」。  (略待下称) 過去の事実についての自分の考えや主張を説明するように述べたり、その根拠を示すのに用いる「終結語尾」。 
던고	-던고「어미」1.たか。たのか 2.たか。たのか	(下称)過去の事実について謹厳に尋ねる意を表す「終結語尾」で、古めかしい言い方。 (下称)過去の事実について自問したり推量する意を表す「終結語尾」で、古めかしい言い方。
던데	-던데「어미」1.たが。ていたが。ていたけど。ていたのに 2.たよ。ていたよ	何かを言うための前置きとして、その対象と関連のある過去の状況を前もって述べる意を表す「連結語尾」。 (略待下称) 聞き手の反応を期待しながら過去のある事について感嘆する意を表す「終結語尾」。
던들	-던들「어미」たなら	現在そうでないということを表すために、実際の状況に反する仮定をする意を表す「連結語尾」。
던바	-던바「어미」たところ	次にくる内容と関連してすでに実現した状況を背景や根拠として前もって提示するのに用いる「連結語尾」。
던지	-던지「어미」たためか。たせいか。	次にくる事柄に関する漠然とした理由や判断の意を表す「連結語尾」。
데	-데「어미」たよ。ていたよ	(等称) 話し手が以前に直接経験した事実を述べる意を表す「終結語尾」。
데요	-데요「어미」でした。かったです。ていました	(略待上称) 話し手が以前に直接経験した事実を述べる意を表す「終結語尾」。
도다	-도다「어미」ね。なあ	(下称) 感嘆の意を表す「終結語尾」で、古めかしい言い方。
도록	-도록「어미」1.ように 2.ように。こと	前の事柄が後の事柄の目的・結果・方法・程度などになるという意を表す「連結語尾」。 (下称) 命令の意を表す「終結語尾」。
되	-되「어미」1.が。けれども。けど 2.が。けれども。けど。ものの 3.(対訳語無し)	対立的な事実をつなげるのに用いる「連結語尾」。 前の事柄について叙述しながらそれに関する条件や手がかり、関連内容を後に付け加えるのに用いる「連結語尾」。 後にくる話が引用であることを前もって表すのに用いる「連結語尾」。
든	-든「어미」1.なり。ようが 2.ても。でも。ようが	二つの事実のうち、一つを選択する意を表す「連結語尾」。 複数の事実のうち、どれを選択しても関係ないという意を表す「連結語尾」。
든가	-든가「어미」1.か。なり 2.か。なり。たり	二つの事実のうち、一つを選択する意を表す「連結語尾」。 複数の事実のうち、どれを選択しても関係ないという意を表す「連結語尾」。
든지	-든지「어미」1.か。なり 2.か。たり。ても	二つの事実のうち、一つを選択する意を表す「連結語尾」。 複数の事実のうち、どれを選択しても関係ないという意を表す「連結語尾」。
듯	-듯「어미」ように。みたいに	後の事柄が前の事柄の内容とほぼ同じであるという意を表す「連結語尾」。
듯이	-듯이「어미」ように。みたいに	後にくる言葉が前にくる言葉とほぼ同じであるという意を表す「連結語尾」。
디	-디「어미」(対訳語無し)	状態を表す言葉の一部分を反復することでその意味を強調する意を表す「連結語尾」。
디	-디「어미」たか。たの。たのか。ていたか	(下称) 聞き手が過去に経験した事について尋ねるのに用いる「終結語尾」。
라	-라「어미」1.して。から。ので。ため。ゆえ【故】 2.なく	理由や根拠の意を表す「連結語尾」。 前の事柄と後の事柄が対照的であることを表す「連結語尾」。
라	-라「어미」だ。である。なり	(下称) ある事実を説明する意を表す「終結語尾」で、古めかしい言い方。 
라	-라「어미」1.しろ。せよ 2.しろ。せよ。しなさい	(下称) 新聞や本などで、具体的に特定されていない人々を対象に、ある行動をするように求める意を表す「終結語尾」。 (下称) 命令の意を表す「終結語尾」。
라고	-라고「어미」1.からといって 2.といって。というように	ある行為の目的や意図を表したり、ある状況の理由や原因を表す「連結語尾」。 諺などにおける「その言葉通りに」という意を表す「連結語尾」。
라고	-라고「어미」ように	ある行為の目的や意図の意を表す「連結語尾」。
라고	-라고「어미」1.って。だってば 2.って。だと。だって 3.とおもった【と思った】	(略待下称) 話し手の考えや主張を聞き手に強調して述べる意を表す「終結語尾」。 (略待下称) 聞いた事実を聞き返しながら確認する意を表す「終結語尾」。 (略待下称) ある事実が予想したものとは異なっていることを確認し、悟ったような口調で述べる意を表す「終結語尾」。 
라나	-라나「어미」1.とか 2.とか 3.とか	他人の話を伝えながらその内容について軽い疑問を表したり無関心な態度を表す「終結語尾」。 他人の話を伝えながらその内容に対する不満や面倒な気持ちを表す「終結語尾」。 ある事柄について無関心な態度で確信なく述べるという意を表す「終結語尾」。
라네	-라네「어미」だよ。なのよ	(等称)話し手がすでに知っていることを客観化して聞き手に知らせるという意を表す「終結語尾」。
라느니	-라느니「어미」1.とか 2.しろだとか	ああ言ったりこう言ったりするという意を表す「連結語尾」。 ああしろと言ったりこうしろと言ったりするという意を表す「連結語尾」。
라니	-라니「어미」だなんて。とは。って	(略待下称) 意外なことに驚いて聞き返したり感嘆するのに用いる「終結語尾」。
라니	-라니「어미」なのよ。なのか。というのか	(下称) ある事実を認めた上で、それに対する疑問の意を表す「終結語尾」。
라니까	-라니까「어미」1.ったら。ってば。というのに 2.なさいってば。しろっていうのに	(下称) 前述した内容を改めて確認しながら話し手が自分の言葉を強調するという意を表す「終結語尾」。 (下称) 軽く叱る口調で反復して命令する意を表す「終結語尾」。
라도	-라도「어미」でも。であっても	前の事柄を仮定したり認めたりするものの、後の事柄とは関係がないかそれに影響を及ぼさないという意を表す「連結語尾」。
라며	-라며「어미」1.そうだね。だときいたが【だと聞いたが】。だってな 2.しろっていったろ【しろって言ったろ】	(略待下称) 話し手が過去に他人から聞いて知った事実について聞き手に確認を要求する意を表す「終結語尾」。  (略待下称) 命令や指示を受けた事実について聞き手に確認を要求するのに用いる「終結語尾」。 
라면	-라면「어미」なら。というのなら	ある事実や状況を仮定する意を表す「連結語尾」。
라면서	-라면서「어미」1.そうだね。だときいたが【だと聞いたが】。だってな 2.しろっていったろ【しろって言ったろ】	(略待下称) 聞いて知っている事実について聞き手に確認を要求するのに用いる「終結語尾」。  (略待下称) 命令や指示を受けた事実について聞き手に確認を要求するのに用いる「終結語尾」。 
라서	-라서「어미」て。から。ので。ため。ゆえ【故】	理由や根拠の意を表す「連結語尾」。
라야	-라야「어미」でなければ。でないと。であってはじめて。だからこそ	前の事柄が後にくる事柄に対する必須条件である意を表す「連結語尾」。 
라야만	-라야만「어미」でなければ。でないと。であってはじめて。だからこそ	前の事柄が後にくる事柄に対する必須条件であることを強調するのに用いる「連結語尾」。
라오	-라오「어미」だよ。なのよ	(中称) 話し手がすでに知っていることを客観化して聞き手に知らせるという意を表す「終結語尾」。
라지	-라지「어미」1.なんだろう。だそうだな 2.しろってんだ。てもかまわない【ても構わない】	(略待下称) 話し手がすでに知っている事実について聞き手に確認を要求するのに用いる「終結語尾」。 (略待下称) 皮肉ったり自分とは関係ないと述べるのに用いる「終結語尾」。
락	-락「어미」たり	反対の意味をもつ二つの動作や状態が交互に繰り返されるという意を表す「連結語尾」。
란다	-란다「어미」だよ。なのよ	(下称) 話し手がすでに知っていることを客観化して聞き手に知らせるという意を表す「終結語尾」。
람	-람「어미」1.ことか。なんだ 2.のか	(下称) ある事実について自問したり不平を言う意を表す「終結語尾」。 (下称) ある命令や要請について自問したり不平を言う意を表す「終結語尾」。
랍니까	-랍니까「어미」なんですか	(上称) ある事実を認めた上で、それに対する疑問の意を表す「終結語尾」。
랍니다	-랍니다「어미」なんです	(上称)  話し手がすでに知っていることを客観化して聞き手に知らせるという意を表す「終結語尾」。
랍시고	-랍시고「어미」だからといって。だとかいって	主語が前の事柄を後にくる行動の根拠として示すことを、話し手が悪く評価する意を表す「連結語尾」。
래	-래「어미」1.なの。なのか 2.といったのか【と言ったのか】	(略待下称) 前の話の表す事実について強く否定したり疑問を提起するのに用いる「終結語尾」。  (略待下称) 前にくる命令の内容を強く否定したりその内容について疑問を提起するのに用いる「終結語尾」。 
래요	-래요「어미」なんですよ	(略待上称) 話し手が知っていることを他人に言いつける意を表す「終結語尾」。 
랴	-랴「어미」たり	複数の事をすべてしようとする意を表す「連結語尾」。
랴	-랴「어미」1.か。かよ 2.ようか。てやろうか	(下称) ある事態が起こるはずがないと判断して聞き返すのに用いる「終結語尾」。 (下称) 話し手が取ろうとする行動について聞き手の意見を尋ねるのに用いる「終結語尾」。
러	-러「어미」…に	行く、または来る動作の目的の意を表す「連結語尾」。
려	-려「어미」1.ようと。ために 2.ようと	ある行動をする意図や欲望があるという意を表す「連結語尾」。  まもなく起こる動きや状態の変化の意を表す「連結語尾」。 
려거든	-려거든「어미」なら。のなら	ある事態が実現するための条件や、その事態が実現した場合を仮定するのに用いる「連結語尾」。
려고	-려고「어미」1.ようと。ために。ようとおもって【ようと思って】 2.ようと 3.ようとするのか。つもりか	ある行動をする意図や欲望があるという意を表す「連結語尾」。 まもなく起こる動きや状態の変化の意を表す「連結語尾」。  (略待下称) ある状況に対する不審や反問の意を表す「終結語尾」。
려나	-려나「어미」だろうか。であろうか	(略待下称) ある事に対する期待や推量を軽く尋ねる意を表す「終結語尾」。 
려니	-려니「어미」だろうと	ある状況を推量する意を表す「終結語尾」。
려니와	-려니와「어미」1.だけでなく。ばかりではなく 2.だけでなく。ばかりではなく	前述の内容を推測して認めたうえで、それに関する他の事実を後に結びつける「連結語尾」。 ある行動をする意思を示しながら、それに関する他の事実を後に結び付ける「連結語尾」。
려면	-려면「어미」1.には。ためには。たければ。ようとすれば 2.には。までには 3.なら。のなら。たければ	ある行動をする意図や意向がある場合を仮定するのに用いる「連結語尾」。 未来に起こる事を仮定するのに用いる「連結語尾」。 ある状況を仮定した上、その具体的な状況に対する願いを表すのに用いる「連結語尾」。
려무나	-려무나「어미」なさい。てもいいよ	(下称) 柔らかい口調で許可したり婉曲に命令する意を表す「終結語尾」。
련	-련「어미」(対訳語無し)	(下称) 前の言葉の表す行動をする意思があるかどうか、親しみをこめて尋ねる「終結語尾」。
련마는	-련마는「어미」だろうに。はずだが	ある条件が揃った状況を期待しながら仮定するものの、後に述べる実際の状況はそれとは違うことを表す「連結語尾」。
련만	-련만「어미」だろうに。はずだが	ある条件が揃った状況を期待しながら仮定するものの、後に述べる実際の状況はそれとは違うことを表す「連結語尾」。
렴	-렴「어미」なさい。てもいいよ	(下称) 前の言葉の表す行動をする意思があるかどうか、親しみをこめて尋ねる「終結語尾」。
렵니까	-렵니까「어미」ますか。つもりですか	(上称) 聞き手に今後ある行動をする意思があるかどうかを尋ねるのに用いる「終結語尾」。
렵니다	-렵니다「어미」ようとおもいます【ようと思います】。つもりです	(上称) 話し手が今後取る行動について意思表明をするのに用いる「終結語尾」。
렷다	-렷다「어미」1.よな。だろう。であろう 2.なさい。しろ。せよ	（下称）経験や理屈上、間違いないと思ったり、念を押して確かめたりする意を表す「終結語尾」。 命令の意を表す「終結語尾」。
로구나	-로구나「어미」だなあ。だね	(下称) 新しく知った事実に何らかの感情をこめて述べる意を表す「終結語尾」。
로구려	-로구려「어미」ですね。ですなあ	(中称) 新しく知った事実に感嘆する意を表す「終結語尾」で、古めかしい言い方。
로구만	로구만「어미」	
로구먼	-로구먼「어미」だね。だなあ	(略待下称) 新しく知った事実に注目したり感嘆する意を表す「終結語尾」。
로군	-로군「어미」1.だね。だなあ 2.だね。だなあ	(略待下称) 新しく知った事実に注目したり感嘆する意を表す「終結語尾」。 (下称) 新しく知った事実に何らかの感情をこめて述べる意を表す「終結語尾」。
로다	-로다「어미」だ。である。なり	(下称) 感嘆の意を表す「終結語尾」で、古めかしい言い方。
로되	-로되「어미」1.ではあるが。とはいえ 2.ではあるが。とはいえ。にしても	対立的な事実をつなげるのに用いる「連結語尾」。 ある事実について叙述しながらそれに関する条件や手がかり、関連内容を後に付け加える意を表す「連結語尾」。
로세	-로세「어미」だよ。だなあ。だねえ	(等称) 話し手の考えを叙述したり、何かを新しく知ったという感嘆の意を表す「終結語尾」。 
리	-리-「어미」1.だろう。であろう 2.てやろう。てやる（ぞ）	ある状況に対する話し手の推測を表す語尾で、古めかしい言い方。 何かをしようとする話し手の意向や意志を表す語尾で、古めかしい言い方。。
리	-리「어미」1.だろう。であろう 2.よう。する 3.たらいいか。ればいいか	(下称) 推量の意を表す「終結語尾」で、古めかしい言い方。 (下称) 話し手が何かをする意図を表したり、聞き手の意図を尋ねるのに用いる「終結語尾」。 (下称) 常識的に判断してそうすることはできないと反問する意を表す「終結語尾」。
리라	-리라「어미」1.だろう。であろう 2.てやる（ぞ）。つもりだ	(下称) 話し手がある状況に対して推量する意を表す「終結語尾」。 (下称) 話し手が心の中で決心する意を表す「終結語尾」。
리만큼	-리만큼「어미」ほど。くらい	前の言葉の表す分量や水準が、後にくる言葉の根拠になるという意を表す「連結語尾」。
리오	-리오「어미」だろうか。でしょうか	可能性のなさを強調して反問するように述べる意を表す「終結語尾」。
마	-마「어미」する。するよ。てやる。てやろう	(下称) 聞き手にある事柄を約束する意を表す「終結語尾」。
매	-매「어미」から。ので。ため。ゆえ【故】	ある事に対する原因や根拠の意を表す「連結語尾」。
며	-며「어미」1.で。て。であって。たり 2.ながら	二つ以上の動作や状態、事実を並べ立てる意を表す「連結語尾」。 二つ以上の動作や状態が共に起こるという意を表す「連結語尾」。
면	-면「어미」1.たら。なら。というなら 2.たら。なら。というなら 3.れば。たら。なら 4.と。たら	不確かな事実を仮定して述べるのに用いる「連結語尾」。 後にくる事柄に対する根拠や条件になるという意を表す「連結語尾」。 希望する状態や後悔する状況などのように、現実とは異なる事実を仮定する意を表す「連結語尾」。 習慣的で反復的な条件の意を表す「連結語尾」。
면서	-면서「어미」1.ながら 2.ながら。ながらも。つつも	二つ以上の動作や状態が共に起こるという意を表す「連結語尾」。 二つ以上の動作や状態が互いに対立し合う関係にあるという意を表す「連結語尾」。
므로	-므로「어미」から。ので。ため。ゆえ【故】	原因や理由の意を表す「連結語尾」。 
세	-세「어미」ましょう。よう	(等称) 一緒にしようと誘ったり要求する意を表す「終結語尾」。
세나	-세나「어미」ましょう。よう	(等称) 一緒にしようと親しみをこめて誘ったり要求する意を表す「終結語尾」。
세요	-세요「어미」ます。です。ますか。ですか。てください	(略待上称) 説明・疑問・命令・要請の意を表す「終結語尾」。
셔요	-셔요「어미」ます。です。ますか。ですか。てください	(略待上称) 説明・疑問・命令・要請の意を表す「終結語尾」。
소	-소「어미」ます。です。ますか。ですか。てください	(中称) 説明・疑問・命令・要請の意を表す「終結語尾」。
소서	-소서「어미」ますように	(上称) 丁寧な依頼や祈願の意を表す「終結語尾」。 
습네	-습네「어미」とか	何かについて悪く評価し、引用するように述べるのに用いる「終結語尾」。
습니까	-습니까「어미」ますか。ですか	(上称) 話し手が聞き手に丁寧に質問する意を表す「終結語尾」。
습니다	-습니다「어미」ます。です	(上称) 現在の動作や状態、事実を丁寧に説明する意を表す「終結語尾」。 
습디까	-습디까「어미」ましたか。でしたか。かったですか	(中称)聞き手が直接経験した事実について質問する意を表す「終結語尾」。
습디다	-습디다「어미」ました。でした。かったです	(中称) 話し手が直接経験した事実を伝え知らせる意を表す「終結語尾」。
습죠	-습죠「어미」ますよ。ですよ。でしょう	(上称) 話し手が確信している事実に関する主張や質問の意を表す「終結語尾」。
습지요	-습지요「어미」ますよ。ですよ。でしょう	(上称) 話し手が確信している事実に関する主張や質問の意を表す「終結語尾」。
시	-시-「어미」1.お…になる。ご…になる 2.お…になる。ご…になる	ある動作や状態の主体を敬う意を表す語尾。 敬おうとする人と関連した所有物や身体の一部が文の主語である場合、その人を敬う意を表す語尾。
시어요	-시어요「어미」てください	(略待上称) 説明・疑問・命令・要請の意を表す「終結語尾」。
십사	-십사「어미」ていただこうと【て頂こうと】。ていただきたく【て頂く】	(上称) 丁寧な依頼や要請の意を表す「終結語尾」。 
십시다	-십시다「어미」ましょう	(上称) 前の言葉が表す行動を一緒にしようという意を表す「終結語尾」。 
십시오	-십시오「어미」てください。ていただきたいです【て頂きたいです】	(上称) 聞き手に何かを丁寧に命令したり勧誘する意を表す「終結語尾」。
아	-아「어미」1.て 2.て。たので。たから 3.て 4.する。である。するのか。しなさい。しよう。しましょう	前の事柄が後の事柄より先に行われたか、後の事柄の方法や手段になるという意を表す「連結語尾」。 前の事柄が後の事柄の原因や理由であることを表す「連結語尾」。 動詞や形容詞を補助用言「두다」「버리다」「보다」「있다」「주다」などとつなげる役割をする「連結語尾」。 (略待下称) ある事実を叙述したり質問・命令・勧誘の意を表す「終結語尾」。
아다	-아다「어미」て。てから	ある行動をしてからその行動の結果をもって後に述べる行動を続けてするという意を表す「連結語尾」。
아다가	-아다가「어미」て。てから	ある行動をしてからその行動の結果をもって後に述べる行動を続けてするという意を表す「連結語尾」。
아도	-아도「어미」ても	前の事柄を仮定したり認めたりするものの、後の事柄とは関係がないかそれに影響を及ぼさないという意を表す「連結語尾」。
아라	-아라「어미」1.しろ。せよ 2.ね。なあ	(下称) 命令の意を表す「終結語尾」。 (下称) 感嘆の意を表す「終結語尾」。
아서	-아서「어미」1.て。てから 2.て。から。ので。ため。ゆえ【故】 3.て	前の事柄と後の事柄が順次に起こるという意を表す「連結語尾」。 理由や根拠の意を表す「連結語尾」。 手段や方法の意を表す「連結語尾」。
아서야	-아서야「어미」1.てようやく。てはじめて【て初めて】 2.ては 3.ては	時間を強調しながら、ある時刻に至ってはじめて後にくる言葉の表す状況や出来事が起こったことを表す「連結語尾」。 前の言葉が原因や理由、前提であるという意を表す「連結語尾」。 前の言葉の内容を好ましく思わないという意を表す「連結語尾」。
아야	-아야「어미」1.なければ。ないと。てはじめて 2.ても。たって	前の事柄が後の事柄に対する必須条件である意を表す「連結語尾」。  前で仮定したことが結局何の影響も及ぼしていないという意を表す「連結語尾」。
아야만	-아야만「어미」てこそ。てはじめて【て初めて】	前の言葉が後にくる言葉に対する必須条件であるという意を強調するのに用いる表現。
아야지	-아야지「어미」なければ。ないと。てはじめて	前の事柄が後の事柄に対する必須条件である意を表す「連結語尾」。 
아야지	-아야지「어미」1.よう。するよ。ないと。なきゃ 2.ないと。なきゃ。すべきだ 3.ないといけないのに。すべきなのに	(略待下称) 話し手の決心や意志の意を表す「終結語尾」。 (略待下称) 聞き手や他の人がある行動をしないといけないか、ある状態でないといけないという意を表す「終結語尾」。 (略待下称) ある状況や状態でないといけないのに、そうではないことを強調する意を表す「終結語尾」。
아요	-아요「어미」ます。です。ますか。ですか。てください。	(略待上称) ある事実を叙述したり質問、命令、勧誘する意を表す「終結語尾」。 
았	-았-「어미」1.た 2.た。ている 3.(対訳語無し)	出来事が過去にあったという意を表す語尾。 ある出来事が過去に完了したことや、その出来事の結果が現在まで持続している状況を表す語尾。 未来のことをそうであろうと断定して述べるのに用いる語尾。
았었	-았었-「어미」た。ていた	現在と比べて異なっているか、現在まで続いていない過去の出来事を表す語尾。
야	-야「어미」だよ。なのよ	(略待下称) ある事実について叙述したり質問する意を表す「終結語尾」。
야	-야「어미」1.てこそ。てはじめて。れば 2.ても。たって	前に述べる事柄が後に述べる事柄に対する条件である意を表す「連結語尾」。 どんな事実を仮定しても何の影響も及ぼさないという意を表す「連結語尾」。
야만	-야만「어미」なければ。ないと。てはじめて	前の事柄が後の事柄に対する必須条件である意を表す「連結語尾」。 
야지	-야지「어미」1.ないと。なきゃ。べきだ 2.よう。ないと。なきゃ	（略待下称）聞き手や他の人がある行動をしないといけないか、ある状態でないといけないという意を表す「終結語尾」。 （略待下称）話し手の決心や意志の意を表す「終結語尾」。
어	-어「어미」1.て 2.て。たので。たから 3.て 4.のか。なさい。よう。ましょう	前の事柄が後の事柄より先に行われたか、後の事柄の方法や手段になるという意を表す「連結語尾」。  前の事柄が後の事柄の原因や理由であるという意を表す「連結語尾」。 動詞と形容詞、「이다」を補助用言「두다」「버리다」「보다」「있다」「주다」などとつなげる役割をする「連結語尾」。 (略待下称) ある事実を叙述したり、質問・命令・勧誘の意を表す「終結語尾」。 
어다	-어다「어미」て。てから	ある行動をしてからその行動の結果をもって後に述べる行動を続けてするという意を表す「連結語尾」。
어다가	-어다가「어미」て。てから	ある行動をしてからその行動の結果をもって後に述べる行動を続けてするという意を表す「連結語尾」。
어도	-어도「어미」ても。たって	前の事柄を仮定したり認めたりするものの、後の事柄とは関係がないかそれに影響を及ぼさないという意を表す「連結語尾」。
어라	-어라「어미」1.しろ。せよ。なさい 2.ね。なあ	(下称) 命令の意を表す「終結語尾」。 (下称) 感嘆の意を表す「終結語尾」。
어서	-어서「어미」1.て。てから 2.て。から。ので。ため。ゆえ【故】 3.て	前の事柄と後の事柄が順次に起こるという意を表す「連結語尾」。 理由や根拠の意を表す「連結語尾」。 手段や方法の意を表す「連結語尾」。
어서야	-어서야「어미」1.てようやく。てはじめて【て初めて】 2.ては 3.ては	時間を強調しながら、ある時刻に至ってはじめて後にくる言葉の表す状況や出来事が起こったことを表す「連結語尾」。 前の言葉が原因や理由、前提であるという意を表す「連結語尾」。 前の言葉の内容を好ましく思わないという意を表す「連結語尾」。
어야	-어야「어미」1.なければしないと。てはじめて 2.ても。たって	前の事柄が後にくる事柄に対する必須条件である意を表す「連結語尾」。  前で仮定したことが結局何の影響も及ぼしていないという意を表す「連結語尾」。
어야만	-어야만「어미」てこそ。てはじめて【て初めて】	前の言葉が後にくる言葉に対する必須条件であるという意を強調するのに用いる表現。
어야지	-어야지「어미」なければ。ないと。てはじめて	前の事柄が後の事柄に対する必須条件である意を表す「連結語尾」。 
어야지	-어야지「어미」1.よう。ないと。なきゃ 2.ないと。なきゃ。べきだ 3.ないといけないのに。すべきなのに	(略待下称) 話し手の決心や意志の意を表す「終結語尾」。 (略待下称) 聞き手や他の人がある行動をしないといけないか、ある状態でないといけないという意を表す「終結語尾」。 (略待下称) ある状況や状態でないといけないのに、そうではないことを強調する意を表す「終結語尾」。
어요	-어요「어미」ます。です。ますか。ですか。てください	(略待上称) ある事実を叙述したり質問、命令、勧誘する意を表す「終結語尾」。 
었	-었-「어미」1.た 2.た。ている 3.(対訳語無し)	出来事が過去にあったという意を表す語尾。 ある出来事が過去に完了したことや、その出来事の結果が現在まで持続している状況を表す語尾。 未来のことをそうであろうと断定して述べるのに用いる語尾。
었었	-었었-「어미」た。ていた	現在と比べて異なっているか、現在まで続いていない過去の出来事を表す語尾。
에요	-에요「어미」ます。です。ますか。ですか	(略待上称) ある事実を叙述したり質問する意を表す「終結語尾」。
여	-여「어미」1.て。てから 2.て。たから。たので 3.て 4.のか。なさい。よう。ましょう	前の事柄が後の事柄より先に行われたか、後の事柄の方法や手段になるという意を表す「連結語尾」。  前の事柄が後の事柄の原因や理由であるという意を表す「連結語尾」。 動詞と形容詞を補助用言「두다」「버리다」「보다」「있다」「주다」などとつなげる役割をする「連結語尾」。 (略待下称) ある事実を叙述したり、質問・命令・勧誘の意を表す「終結語尾」。
여다	-여다「어미」て。てから	ある行動をしてからその行動の結果をもって後に述べる行動を続けてするという意を表す「連結語尾」。
여다가	-여다가「어미」て。てから	ある行動をしてからその行動の結果をもって後に述べる行動を続けてするという意を表す「連結語尾」。
여도	-여도「어미」ても。でも。であっても	前の事柄を仮定したり認めたりするものの、後の事柄とは関係がないかそれに影響を及ぼさないという意を表す「連結語尾」。
여라	-여라「어미」1.しろ。せよ。なさい 2.ね。なあ	(下称) 命令の意を表す「終結語尾」。 (下称) 感嘆の意を表す「終結語尾」。
여서	-여서「어미」1.て。てから 2.て。から。ので。ため。ゆえ【故】 3.て	前の事柄と後の事柄が順次に起こるという意を表す「連結語尾」。 理由や根拠の意を表す「連結語尾」。 手段や方法の意を表す「連結語尾」。
여서야	-여서야「어미」1.てようやく。てはじめて【て初めて】 2.ては 3.ては	時間を強調しながら、ある時刻に至ってはじめて後にくる言葉の表す状況や出来事が起こったことを表す「連結語尾」。 前の言葉が原因や理由、前提であるという意を表す「連結語尾｣。 前の言葉の内容を好ましく思わないという意を表す「連結語尾」。
여야	-여야「어미」1.なければ。ないと。てはじめて 2.ても。たって	前の事柄が後にくる事柄に対する必須条件であるという意を表す「連結語尾」。  前で仮定したことが結局何の影響も及ぼしていないという意を表す「連結語尾」。
여야만	-여야만「어미」てこそ。てはじめて【て初めて】	前の言葉が後にくる言葉に対する必須条件であるという意を強調するのに用いる表現。
여야지	-여야지「어미」なければ。ないと。てはじめて	前の事柄が後にくる事柄に対する必須条件である意を表す「連結語尾」。 
여야지	-여야지「어미」1.よう。ないと。なきゃ 2.ないと。なきゃ。べきだ 3.ないといけないのに。すべきなのに	(略待下称) 話し手の決心や意志の意を表す「終結語尾」。 (略待下称) 話し手や聞き手がある行動をしないといけないか、ある状態でないといけないという意を表す「終結語尾」。 (略待下称) ある状況や状態でないといけないが、実際はそうでないことを強調する意を表す「終結語尾」。
여요	-여요「어미」ます。です。ますか。ですか。てください。ましょう	(略待上称) ある事実を叙述しながら、質問・命令・勧誘の意を表す「終結語尾」。 
였	-였-「어미」1.た 2.た。ている 3.(対訳語無し)	出来事が過去に発生したという意を表す語尾。 ある出来事が過去に完了したことや、その出来事の結果が現在まで持続している状況を表す語尾。 未来のことについて、そうであろうと断定して述べるのに用いる語尾。
였었	-였었-「어미」た。ていた	現在と比べて異なっているか、現在まで続いていない過去の出来事を表す語尾。
오	-오-「어미」(対訳語無し)	丁寧さを表す語尾で、古めかしい言い方。
오	-오「어미」ます。です。ますか。ですか。てください。	(中称) 叙述・疑問・命令・要請をするのに用いる「終結語尾」。
옵	-옵-「어미」(対訳語無し)	丁寧さを表す語尾で、古めかしい言い方。
요	-요「어미」で。であり。であって	二つ以上の事物や事実を並べたり対照させるのに用いる「連結語尾」。
우	-우「어미」ます。です。ますか。ですか。てください。	(中称) 動作や状態の叙述・疑問・命令・要請の意を表す「終結語尾」。
으나	-으나「어미」1.が。けれども。けれど。けど 2.ても。でも	前の事柄と後の事柄が異なる内容であるという意を表す「連結語尾」。 複数のうちどれを選択しても関係ないという意を表す「連結語尾」。
으나마	-으나마「어미」ながらも。ても。でも	満足できる状況ではないが、後にくる言葉の条件にはなるという意を表す「連結語尾」。
으냐	-으냐「어미」か。のか。というのか	(下称) 質問の意を表す「終結語尾」。
으냐고	-으냐고「어미」1.かと。かって 2.かと。かって	(略待下称) 一度尋ねたことを再度尋ねるという意を表す「終結語尾」。 (略待下称) 他人からの質問について聞き返すのに用いる「終結語尾」。 
으냐느니	-으냐느니「어미」かときいたり【かと聞いたり】	ああ尋ねたりこう尋ねたりする意を表す「連結語尾」。
으니	-으니「어미」1.から。ので。ため。ゆえ【故】 2.と。たら。が	後にくる事柄に対して前の事柄がその原因や根拠・前提になるという意を表す「連結語尾」。 前述した内容と関連した別の事実を続いて説明するのに用いる「終結語尾」。
으니	-으니「어미」の。とか	主に相反する言葉や考え・意見などを並べ立てる意を表す「連結語尾」。
으니	-으니「어미」する。…い。…だ。である。なり	(等称) 真理や当然の事実を述べる意を表す「終結語尾」。
으니	-으니「어미」の。のか。か。かい。なの	(下称) 質問の意を表す「終結語尾」。
으니까	-으니까「어미」から。ので。ため。ゆえ【故】	後にくる事柄に対して前の事柄がその原因や根拠・前提になることを強調していう「連結語尾」。
으니까는	-으니까는「어미」から。ので。ため。ゆえ【故】	後にくる事柄に対して前の事柄がその原因や根拠・前提になることを特に強調していう「連結語尾」。
으니깐	-으니깐「어미」から。ので。ため。ゆえ【故】	後にくる事柄に対して前の事柄がその原因や根拠・前提になることを特に強調していう「連結語尾」。
으니라	-으니라「어미」よ。のだ	(下称)一般的な真理や経験から分かる、普遍的な事実を教えるのに用いる「終結語尾」で、古めかしい言い方。
으니만큼	-으니만큼「어미」だけに。だけあって	前の言葉の内容を認め、それが後にくる事柄の原因や根拠になるという意を表す「連結語尾」。
으되	-으되「어미」1.が。だが。けれども。けれど 2.が。だが。けれども。けれど 3.(対訳語無し)	対立的な事実をつなげて述べるのに用いる「連結語尾」。 ある事実について叙述しながらそれに関する条件や手がかり、関連内容を後に付け加えるのに用いる「連結語尾」。 後にくる話が引用であることを前もって表すのに用いる「連結語尾」。
으라	-으라「어미」1.しろ。せよ。なさい 2.しろ。せよ。なさい	(下称) 新聞や本などで、具体的に特定されていない人々を対象に、ある行動をするように求める意を表す「終結語尾」。 (下称) 命令の意を表す「終結語尾」。
으라고	-으라고「어미」ように	ある行為の目的や意図の意を表す「連結語尾」。
으라고	-으라고「어미」1.しろってば 2.しろって。しろだと。しろだって	(略待下称) 自分の考えや主張を聞き手に強調して述べる意を表す「終結語尾」。 (略待下称) 聞いた事実を聞き返しながら聞き手に確認を要求する意を表す「終結語尾」。
으라나	-으라나「어미」1.とか 2.とか	他人の話を伝えながらその内容について軽い疑問を表したり無関心な態度を表す「終結語尾」。 他人の話を伝えながらその内容に対する不満や面倒くさい気持ちを表す「終結語尾」。
으라느니	-으라느니「어미」しろだとか	ああしろと言ったりこうしろと言ったりするという意を表す「連結語尾」。
으라니까	-으라니까「어미」しろってば。するんだよ。しろっていうのに	(下称) 軽く叱る口調で反復して命令する意を表す「終結語尾」。
으라며	-으라며「어미」しろだってな。しろっていったろ【しろって言ったろ】	(略待下称) 命令や要請を受けた事について聞き手に確認を要求する意を表す「終結語尾」。 
으라면서	-으라면서「어미」しろだってな。しろっていったろ【しろって言ったろ】	(略待下称) 命令や指示を受けた事について聞き手に確認を要求するのに用いる「終結語尾」。 
으락	-으락「어미」たり	反対の意味をもつ二つの動作や状態が交互に繰り返されるという意を表す「連結語尾」。
으람	-으람「어미」というのか	(下称) ある命令や要請について自問したり不平を言う意を表す「終結語尾」。
으랴	-으랴「어미」たり	複数の事をすべてしようとする意を表す「連結語尾」。
으랴	-으랴「어미」1.ようか。できようか 2.ようか。てやろうか	(下称) ある事態が起こるはずがないと判断して聞き返すのに用いる「終結語尾」。 (下称) 話し手がしようとする行動について聞き手の意見を尋ねる のに用いる「終結語尾」。
으러	-으러「어미」に	行く、または来る動作の目的の意を表す「連結語尾」。
으려	-으려「어미」1.ために。ようと 2.ようと	ある行動をする意図や欲望があるという意を表す「連結語尾」。  まもなく起こる動きや状態の変化の意を表す「連結語尾」。 
으려거든	-으려거든「어미」なら。ようとするなら	ある事態が実現するための条件や、その事態が実現した場合を仮定するのに用いる「連結語尾」。
으려고	-으려고「어미」1.ために。ようと 2.ようと 3.ようとするのか。というのか	ある行動をする意図や欲望があるという意を表す「連結語尾」。  まもなく起こる動きや状態の変化の意を表す「連結語尾」。  (略待下称) ある状況に対する不審や反問の意を表す「終結語尾」。
으려나	-으려나「어미」だろうか。かな	(略待下称) ある事に対する期待や推量を軽く尋ねる意を表す「終結語尾」。 
으려니	-으려니「어미」だろうと	ある状況を推量する意を表す「終結語尾」。
으려니와	-으려니와「어미」1.だけでなく。ばかりではなく 2.だけでなく。ばかりではなく	前述の内容を推測して認めたうえで、それに関する他の事実を後に結びつける「連結語尾」。 ある行動をする意思を示しながら、それに関する他の事実を後に結び付ける「連結語尾」。
으려면	-으려면「어미」1.ようとすれば。たければ。には 2.には。までには 3.のなら。ようとおもったら【ようと思ったら】	ある行動をする意図や意向がある場合を仮定するのに用いる「連結語尾」。 未来に起こる事を仮定するのに用いる「連結語尾」。 ある状況を仮定した上、その具体的な状況に対する願いを表すのに用いる「連結語尾」。
으려무나	-으려무나「어미」なさい。てもいいよ	(下称) 柔らかい口調で許可したり婉曲に命令する意を表す「終結語尾」。
으련	-으련「어미」する。しない	(下称) 前の言葉の表す行動をする意思があるかどうか、親しみをこめて尋ねる「終結語尾」。
으련마는	-으련마는「어미」だろうに。はずだが。ものを	ある条件が揃った状況を期待しながら仮定するものの、後に述べる実際の状況はそれとは違うことを表す「連結語尾」。
으련만	-으련만「어미」だろうに。はずだが。ものを	ある条件が揃った状況を期待しながら仮定するものの、後に述べる実際の状況はそれとは違うことを表す「連結語尾」。
으렴	-으렴「어미」なさい。たらどう	(下称) 柔らかい口調で許可したり婉曲に命令する意を表す「終結語尾」。
으렵니까	-으렵니까「어미」ようとおもいますか【ようと思いますか】。つもりですか	(上称) 聞き手にこれからある行動をする意思があるかどうかを尋ねる「終結語尾」。
으렵니다	-으렵니다「어미」ようとおもいます【ようと思います】。つもりです	(上称) 話し手がこれからとる行動について意思表明をするのに用いる「終結語尾」。
으렷다	-으렷다「어미」1.よな 2.なさい。しろ。せよ	(下称)経験や理屈上、間違いないと思ったり決心したりする意を表す「終結語尾」。 命令の意を表す「終結語尾」。
으리	-으리「어미」1.であろうか 2.する。よう。てやる。つもりか 3.か。かよ	(下称) 推量の意を表す「終結語尾」で、古めかしい言い方。 (下称) 話し手が何かをする意図を表したり、聞き手の意図を尋ねるのに用いる「終結語尾」。 (下称) 常識的に判断してそうすることはできないと反問する意を表す「終結語尾」。
으리	-으리-「어미」1.だろう。であろう 2.する。よう。てやる。つもりである	ある状況についての話し手の推量を表す語尾で、古めかしい言い方。 何かをしようとする話し手の意向や意志を表す語尾で、古めかしい言い方。
으리라	-으리라「어미」1.だろう。であろう 2.する。よう。てやる	(下称) 話し手がある状況について推測する意を表す「終結語尾」。 (下称) 話し手が心の中で決心する意を表す「終結語尾」。
으리만큼	-으리만큼「어미」ほど。くらい	前の言葉の表す分量や水準が、後にくる言葉の根拠になるという意を表す「連結語尾」。
으리오	-으리오「어미」ようか。せん。だろうか。であろうか	可能性のなさを強調して反問するように述べる意を表す「終結語尾」。
으마	-으마「어미」するよ。てやる	(下称) 聞き手にある内容を約束する意を表す「終結語尾」。
으매	-으매「어미」から。ので。ため。ゆえ【故】	何かについての原因や根拠の意を表す「連結語尾」。
으며	-으며「어미」1.て。で。であって。たり 2.ながら	二つ以上の動作や状態、事実を並べ立てる意を表す「連結語尾」。 二つ以上の動作や状態が共に起こるという意を表す「連結語尾」。
으면	-으면「어미」1.たら 2.たら 3.たら。れば。ていたら。ていれば 4.と。たら	不確かな事実を仮定して述べるのに用いる「連結語尾」。 後にくる内容の条件になるという意を表す「連結語尾」。 希望する状態や後悔する状況などのように、現実とは異なる事実を仮定する意を表す「連結語尾」。 習慣的で反復的な条件の意を表す「連結語尾」。
으면서	-으면서「어미」1.ながら 2.ながら。ながらも。つつも	二つ以上の動作や状態が共に起こるという意を表す「連結語尾」。 二つ以上の動作や状態が互いに対立し合う関係にあるという意を表す「連結語尾」。
으므로	-으므로「어미」から。ので。ため。ゆえ【故】	原因や理由の意を表す「連結語尾」。 
으세	-으세「어미」よう。ましょう	(等称) 一緒にしようと誘ったり要求する意を表す「終結語尾」。
으세요	-으세요「어미」ます。です。てください	(略待上称) 説明・疑問・命令・要請の意を表す「終結語尾」。
으셔요	-으셔요「어미」ます。です。てください	(略待上称) 説明・疑問・命令・要請の意を表す「終結語尾」。
으소서	-으소서「어미」てくださいませ。なさいませ	(上称) 丁寧な依頼や要請の意を表す「終結語尾」。 
으시	-으시-「어미」1.お…になる。ご…になる。られる 2.(対訳語無し)	ある動作や状態の主体を敬う意を表す語尾。 敬おうとする人と関連した所有物や身体の一部が文の主語である場合、その人を敬う意を表す語尾。
으시어요	-으시어요「어미」お…になります（か）。ご…になりま（す）。られます（か）	(略待上称) 説明・疑問・命令・要請の意を表す「終結語尾」。
으십사	-으십사「어미」ていただこうと【て頂こうと】。ていただきたく【て頂きたく】	(上称) 丁寧な依頼や要請の意を表す「終結語尾」。 
으십시다	-으십시다「어미」ましょう	(上称) 前の言葉の表す行動を一緒にしようという意を表す「終結語尾」。 
으십시오	-으십시오「어미」てください。てくださいませ	(上称) 聞き手に対してある事を丁寧に命令したり勧誘する意を表す「終結語尾」。
으오	-으오「어미」ます。ますか。てください	(中称) 叙述・疑問・命令・要請をするのに用いる「終結語尾」。
으오	-으오-「어미」(対訳語無し)	丁寧さを表す語尾で、古めかしい言い方。
으옵	-으옵-「어미」(対訳語無し)	丁寧さを表す語尾で、古めかしい言い方。
으우	-으우「어미」ます。ますか。てください	(中称) 動作や状態の叙述・疑問・命令・要請の意を表す「終結語尾」。 
으이	-으이「어미」ね。なあ	(等称) 状態や感情の意を表す「終結語尾」。
은	-은「어미」1.た 2.た。ている 3.た。ている	前の言葉に連体修飾語の機能を持たせ、出来事や動作が過去に行われたという意を表す語尾。 前の言葉に連体修飾語の機能を持たせ、出来事や動作が完了してその状態が続いているという意を表す語尾。 前の言葉に連体修飾語の機能を持たせ、現在の状態の意を表す語尾。
은가	-은가「어미」1.か。のか 2.か。のか	(等称) 現在の事実に関する質問の意を表す「終結語尾」。  話し手が自問したり推測するのに用いる「終結語尾」。
은감	-은감「어미」かよ。ものか	(等称) ある事実に対して軽く反駁する意を表す「終結語尾」。
은걸	-은걸「어미」1.のだ。ものだ 2.のだ。だもの	(略待下称) 話し手が新しく知った事実について感嘆するように述べる意を表す「終結語尾」。 (略待下称) 自分の考えや主張を説明するように述べたりその根拠を示すのに用いる「終結語尾」。
은고	-은고「어미」1.か。のか 2.か。のか	(下称) 現在の事実について堅苦しく尋ねる意を表す「終結語尾」で、古めかしい言い方。 (下称) 自問や推量の意を表す「終結語尾」で、古めかしい言い方。
은데	-은데「어미」1.が。けど 2.ね。なあ 3.の	何かを言うための前置きとして、それと関連した状況を前もって述べるという意を表す「連結語尾」。 (略待下称) 聞き手の反応を期待しながら何かについて感嘆しているという意を表す「終結語尾」。 一定の答えを求めて問うという意を表す「終結語尾」。
은들	-은들「어미」ても。でも。といっても。としても	ある状況を仮定するとしてもその結果が予想とは異なる内容である意を表す「連結語尾」。
은바	-은바「어미」1.たところ。てみると 2.たところ。てみると	後にくる内容と関連してすでに実現した状況を背景や根拠として前もって提示するのに用いる「連結語尾」。 後に述べる事柄と関連して、ある事実や状態を背景や根拠として提示するのに用いる「連結語尾」。
은지	-은지「어미」1.か。かどうか。のか 2.か。かどうか。のか	後にくる事柄に関する漠然とした理由や判断の意を表す「連結語尾」。 (略待下称) 漠然とした疑問の意を表す「終結語尾」。
을	-을「어미」1.(対訳語無し) 2.(対訳語無し)	前の言葉に連体修飾語の機能を持たせる役割をする語尾。 前の言葉に連体修飾語の機能を持たせ、推測・予定・意志・可能性などの意を表す語尾。
을거나	-을거나「어미」ようかな。ようじゃないか	(略待下称) 話し手が自分の考えについて自問したり相手の意見を尋ねる意を表す「終結語尾」。
을걸	-을걸「어미」1.だろう。とおもう【と思う】 2.ればよかった。ればよかったのに	(略待下称) 推し量ったり推測する意を表す「終結語尾」。  (略待下称) ある事について軽く反省したり残念に思う意を表す「終結語尾」。
을게	-을게「어미」よ。からね	(略待下称) 話し手がある行動をすることを聞き手に約束したり知らせる意を表す「終結語尾」。 
을까	-을까「어미」1.だろうか。かしら。かな 2.ようか。のか	(略待下称) ある事についての疑問や推量の意を表す「終結語尾」。 (略待下称) 話し手の考えや推測を表したり相手の意思を尋ねるのに用いる「終結語尾」。
을꼬	-을꼬「어미」1.だろう。のかな 2.ようか。のか	(下称)ある事実についての話し手の疑問や推測の意を表す「終結語尾」で、古めかしい言い方。 (下称)ある事実について話し手自身や相手に意思を尋ねる意を表す「終結語尾」で、古めかしい言い方。
을는지	-을는지「어미」1.のか。かどうか 2.のか。かどうか 3.のか。かどうか	後にくる事柄と関連している前の言葉の表す事態が実際に起こるかという疑問の意を表す「連結語尾」。 前の言葉の表す事態が実際に起こる可能性に対する話し手の疑問や不審の意を表す「終結語尾」。 (等称か略待下称) ある不確かなことが実際に起こる可能性に対する疑問の意を表す「終結語尾」。
을라	-을라「어미」かもしれない。かねない	(下称) 前の言葉の表す内容通りになることについて心配するのに用いる「終結語尾」。
을라고	-을라고「어미」はずがない	ある事実に対する否定や不審の意を表す「終結語尾」。 
을라치면	-을라치면「어미」ようともなれば。ようものなら	過去の経験をもとに、前に述べる事柄を後に述べる事柄の条件にするという意を表す「連結語尾」。
을락	-을락「어미」そうで	ほとんど実現しそうな様子を表す「連結語尾」。
을래	-을래「어미」よ。か	(略待下称) これから何かをしようとする自分の意思を表したり、それについての聞き手の意思を尋ねる意を表す「終結語尾」。
을망정	-을망정「어미」1.とも 2.ても。でも。といえども。であっても	否定的な前の事柄を認めながらもそれに反する内容の事柄をつづけて述べるのに用いる「連結語尾」。 ある否定的な状況を仮定して表しながらもそれに反する内容である後の事柄を強調するのに用いる「連結語尾」。
을밖에	-을밖에「어미」しかない。よりほかない。よりしかたない	(略待下称) それ以外には他に方法がないという意を表す「終結語尾」。
을뿐더러	-을뿐더러「어미」ばかりか。ばかりでなく。だけでなく。のみならず	ある事柄に加えて別の事柄もあるという意を表す「連結語尾」。
을세	-을세「어미」1.よ 2.ね。なあ	(等称) 話し手の考えを聞き手に説明する意を表す「終結語尾」。 (等称) 何かを新たに悟って感嘆する意を表す「終結語尾」。
을세라	-을세라「어미」1.ではないかと。しやしまいかと 2.ではないか。しやしまいか 3.ね。なあ	もしかしてそうなるのではないかと心配する意を表す「連結語尾」。 (下称) もしかしてそうなるのではないかと心配する意を表す「終結語尾」。 感嘆の意を表す「終結語尾」。
을수록	-을수록「어미」すればするほど	前の事柄の程度がひどくなるにつれて後の事柄の程度も変わるという意を表す「連結語尾」。
을지	-을지「어미」1.か。かどうか 2.か。かどうか	ある推測について漠然とした疑問をもち、それを次に述べる事柄や判断に関連付けるのに用いる「連結語尾」。 (略待下称) 話し手の漠然とした疑問の意を表す「終結語尾」。 
을지라도	-을지라도「어미」ても。であっても	ある状況を提示したり仮定した上で、それと関係ない事柄や反対の状況を続けて述べるのに用いる「連結語尾」。
을지언정	-을지언정「어미」ても。であっても	前の事柄の内容を認めたり仮定した上で、それと対照的な後の事柄を強調する意を表す「連結語尾」。
음	-음「어미」こと	前の言葉を名詞化する語尾。
음세	-음세「어미」よ	(等称) 話し手が何かを快く引き受ける意を表す「終結語尾」。 
음에도	-음에도「어미」にも。にもかかわらず	前の言葉の表す内容からして起こると期待されていた事柄が起こらなかったり、それとは反対の事柄が起こるという意を表す「連結語尾」。
읍시다	-읍시다「어미」ましょう	(中称) ある行動を一緒にしようという意を表す「終結語尾」。
이	-이「어미」ね。なあ	(等称) 状態や感情の意を表す「終結語尾」。
자	-자「어미」1.やいなや【や否や】。とすぐに。たとたん【た途端】 2.と。たら 3.とどうじに【と同時に】。であるとともに【であると共に】 4.たところで 5.ようと 6.ようと	前に述べる動作が終わってからすぐ後に述べる動作が相次いで起こるという意を表す「連結語尾」。 前に述べる事柄が後に述べる事柄の原因や動機になるという意を表す「連結語尾」。 あるものが二つの特徴を兼ね備えているという意を表す「連結語尾」。 前に述べる行動や状態が実現しても無駄であるという意を表す「連結語尾」。 見たり聞いたりした事を根拠にして後の内容を述べるのに用いる「連結語尾」。 ある状況を我慢しようとしてもその程度がひどくて我慢できないことを表すのに用いる「連結語尾」。
자	-자「어미」ようと	話し手がある目的や意図・希望などをもっているという意を表す「連結語尾」。
자	-자「어미」よう	(下称) ある行動を一緒にしようという意を表す「終結語尾」。
자고	-자고「어미」ようと	目的や意図を表す「連結語尾」。
자고	-자고「어미」1.ようと 2.ようと。とうというのか【ようと言うのか】	(略待下称) 話し手の考えや主張を聞き手に強調して述べる意を表す「終結語尾」。 (略待下称) 聞いた事実を聞き返しながら聞き手に確認を要求する意を表す「終結語尾」。 
자꾸나	-자꾸나「어미」ようよ	(下称) 聞き手にある行動を一緒にしようと親しみをこめて提案する意を表す「終結語尾」。
자느니	-자느니「어미」ようとか	ああしようと言ったりこうしようと言ったりする意を表す「連結語尾」。
자니까	-자니까「어미」ようってば。ようといったら	(略待下称) ある行動を一緒にしようと反復して誘う意を表す「終結語尾」。
자마자	-자마자「어미」やいなや【や否や】。とすぐに。たとたん【た途端】	前の言葉の表す出来事や状況が起こってからすぐ後の言葉の表す出来事や状況が起こるという意を表す「連結語尾」。
자며	-자며「어미」ようだって	(下称) 提案や勧誘された事実について聞き手に確認要求をする意を表す「終結語尾」。 
자면	-자면「어미」ようとすれば。ようとおもえば【ようと思えば】	ある意図や考えを仮定する意を表す「連結語尾」。
자면서	-자면서「어미」ようだって	(下称) 提案や勧誘された事実について聞き手に確認要求をする意を表す「終結語尾」。 
죠	-죠「어미」1.でしょう 2.でしょう 3.ますよ。ですよ。でしょう 4.ますか。ですか。でしょうか 5.ましょう(略待上称)  6.ればよかったです	(略待上称) 話し手の考えでは聞き手がすでに知っていると判断し、それについて聞き手に確認を要求するのに用いる「終結語尾」。 (略待上称) すでに知っていることを改めて確認するように尋ねるのに用いる「終結語尾」。 (略待上称) 話し手が自分に関する話や自分の考えを親しみをこめて述べるのに用いる「終結語尾」。 (略待上称) 話し手が聞き手に親しみを表明しながら尋ねるのに用いる「終結語尾」。 聞き手にある行動を一緒にしようと誘うのに用いる「終結語尾」。 (略待上称) 話し手が願っていたことを述べながら、願い通りにならなくて残念だという意を表す「終結語尾」。
지	-지「어미」1.(対訳語無し) 2.であって	前の言葉が表す動きや状態を否定したり禁止するのに用いる「連結語尾」。 相反する事実を対照的に述べる意を表す「連結語尾」。 
지	-지「어미」1.だろう。よね 2.だろう。よね 3.よ。だろう 4.だろう。よね。かな 5.よう 6.ればよかった	(略待下称) 話し手の考えでは聞き手がすでに知っていると判断し、それについて聞き手に確認を要求するのに用いる「終結語尾」。 (略待下称) すでに知っていることを改めて確認するように尋ねるのに用いる「終結語尾」。 (略待下称) 話し手が自分に関する話や自分の考えを親しみをこめて述べるのに用いる「終結語尾」。 (略待下称) 話し手が聞き手に親しみを表明しながら尋ねるのに用いる「終結語尾」。 (略待下称) 聞き手にある行動を一緒にしようと誘うのに用いる「終結語尾」。 (略待下称) 話し手が願っていたことを述べながら、願い通りにならなくて残念だという意を表す「終結語尾」。
지마는	-지마는「어미」が。けれども。けれど。けど	前の内容を認めながらもそれとは反対か異なる事実を付け加えて述べるのに用いる「連結語尾」。
지만	-지만「어미」が。けれども。けれど。けど	前の内容を認めながらもそれとは反対か異なる事実を付け加えて述べるのに用いる「連結語尾」。
지요	-지요「어미」1.でしょう 2.でしょう 3.ますよ。ですよ。でしょう 4.ますか。ですか。でしょうか 5.ましょう 6.ればよかったですね	(略待上称) 話し手の考えでは聞き手がすでに知っていると判断し、それについて聞き手に確認を要求するのに用いる「終結語尾」。 (略待上称) すでに知っていることを改めて確認するように尋ねるのに用いる「終結語尾」。 (略待上称) 話し手が自分に関する話や自分の考えを親しみをこめて述べるのに用いる「終結語尾」。 (略待上称) 話し手が聞き手に親しみを表明しながら尋ねるのに用いる「終結語尾」。 (略待上称) 聞き手にある行動を一緒にしようと誘うのに用いる「終結語尾」。 (略待上称) 話し手が願っていたことを述べながら、願い通りにならなくて残念だという意を表す「終結語尾」。
가	-ㄴ가「어미」1.のか。なのか 2.だろうか。であろうか	(等称) 現在の事柄に対する質問の意を表す「終結語尾」。 話し手が自問したり推量するのに用いる「終結語尾」。
감	-ㄴ감「어미」かよ。ものか	(等称) ある事実に対して軽く反駁するという意を表す「終結語尾」。
걸	-ㄴ걸「어미」1.のだ。ものだ。だったのだ。だったものだ 2.のだ。だもの	(略待下称) 話し手が新しく認識した事実について感嘆するように述べる意を表す「終結語尾」。 (略待下称) 自分の考えや主張を説明するように述べたり、その根拠を示すのに用いる「終結語尾」。
고	-ㄴ고「어미」1.（なの）か 2.（なの）か	(下称) 現在の事実に対して謹厳に尋ねる意を表す「終結語尾」で、古めかしい言い方。 (下称) 自問や推量の意を表す「終結語尾」で、古めかしい言い方。
다	-ㄴ다「어미」する。している	(下称) 現在の出来事や事実を叙述するという意を表す「終結語尾」。
다	-ㄴ다「어미」のだ	(下称) 自問するのに用いる「終結語尾」。
다고	-ㄴ다고「어미」1.ために。ため 2.といって。というように	ある行為の目的・意図を表したり、ある状況の理由・原因を表す「連結語尾」。 諺などにおける「その言葉通りに」という意を表す「連結語尾」。
다고	-ㄴ다고「어미」1.のだって。んだってば 2.のだって 3.のか	(略待下称) 話し手の考えや主張を聞き手に強調して述べるという意を表す「終結語尾」。 (略待下称) 聞いた話を聞き返しながら確認する意を表す「終結語尾」。 (略待下称) ある事実が予想したものとは異なっていることを確認し、悟ったような口調で述べる意を表す「終結語尾」。 
다나	-ㄴ다나「어미」1.というのか。というのかな 2.というのか。とか	他人の話を伝えながらその内容に対する不満や面倒くさい気持ちを表す「終結語尾」。 ある事柄について無関心な態度で確信なく述べるという意を表す「終結語尾」。
다네	-ㄴ다네「어미」といっている【と言っている】。そうだ	(等称) 話し手がすでに知っていることを客観化して聞き手に知らせるという意を表す「終結語尾」。
다느니	-ㄴ다느니「어미」たり。とか	ああしたりこうしたりするという意を表す「連結語尾」。
다니	-ㄴ다니「어미」（だ）なんて。とは。って	(略待下称) 意外なことに驚いて聞き返したり感嘆するのに用いる「終結語尾」。
다니	-ㄴ다니「어미」というのか	(下称) ある事実を認めた上で、それに対する疑問の意を表す「終結語尾」。
다니까	-ㄴ다니까「어미」よ。って。んだってば	(略待下称) 前述した内容を改めて確認しながら話し手が自分の言葉を強調するという意を表す「終結語尾」。
다마는	-ㄴ다마는「어미」が。けれども。けれど。けど	前に述べた事柄を認めながらも、それに反する内容や関係のない話を付け加えて述べるのに用いる「連結語尾」。
다만	-ㄴ다만「어미」が。けれども。けれど。けど	前に述べた事柄を認めながらも、それに反する内容や関係のない話を付け加えて述べるのに用いる「連結語尾」。
다며	-ㄴ다며「어미」たそうだね。だってな	(略待下称) 話し手が聞いて知っている事実について聞き手に確認を要求する意を表す「終結語尾」。 
다면	-ㄴ다면「어미」たら。なら。というなら	ある事実や状況を仮定するという意を表す「連結語尾」。
다면서	-ㄴ다면서「어미」といったでしょ【と言ったでしょ】。だってな	(略待下称) 他人から聞いて知っている事実について聞き手に確認を要求するのに用いる「終結語尾」。 
다오	-ㄴ다오「어미」とのことです。というのです	(中称) 話し手がすでに知っていることを客観化して聞き手に伝えるという意を表す「終結語尾」。
다지	-ㄴ다지「어미」そうだね。のだろう。だって。だってな 	(略待下称) 話し手がすでに知っている事実について聞き手に確認を要求するのに用いる「終結語尾」。
단다	-ㄴ단다「어미」んだって。そうだ。という	(下称) 話し手がすでに知っている事実を客観化して伝えるという意を表す「終結語尾」。 
담	-ㄴ담「어미」（どうして）のか。（どうして）のだろうか。	(下称) ある事実について自問したり不平を言う意を表す「終結語尾」。
답니까	-ㄴ답니까「어미」といっていますか【と言っていますか】。そうですか	(上称) ある事実を認めた上で、その事実に対する疑問の意を表す「終結語尾」。 
답니다	-ㄴ답니다「어미」といっています【と言っています】。そうです	(上称) 話し手がすでに知っていることを客観化して聞き手に知らせるという意を表す「終結語尾」。
답시고	-ㄴ답시고「어미」とかいって。からといって	主語が前の事柄を後にくる行動の根拠として示すことを、話し手が悪く評価する意を表す「連結語尾」。
대	-ㄴ대「어미」そうだ。って	(略待下称) 前の言葉の表す事実について強く否定したり疑問を提起するのに用いる「終結語尾」。 
대요	-ㄴ대요「어미」ですって。そうです	(略待上称) 話し手が知っていることを他人に言いつける意を表す「終結語尾」。 
데	-ㄴ데「어미」1.（だ）が。（だ）けど 2.（だ）ね。（だ）な 3.の	何かを言うための前置きとして、それと関連した状況を前もって述べるという意を表す「連結語尾」。 (略待下称) 聞き手の反応を期待しながら何かについて感嘆するという意を表す「終結語尾」。 一定の答えを求めて問うという意を表す「終結語尾」。
들	-ㄴ들「어미」だって。といっても。だとしても	たとえ何らかの状況を仮定するとしてもその結果は予想とは異なる内容であるという意を表す「連結語尾」。
바	-ㄴ바「어미」1.たところ。てみると 2.たところ。てみると	後に述べる事柄と関連して、すでに実現しているある状況を背景や根拠として前もって提示するのに用いる「連結語尾」。 後に述べる事柄と関連して、ある事実や状態を背景や根拠として提示するのに用いる「連結語尾」。
지	-ㄴ지「어미」1.だろうか 2.かどうか。のか	次にくる事柄に関する漠然とした理由や判断の意を表す「連結語尾」。 (略待下称) 漠然とした疑問の意を表す「終結語尾」。
거나	-ㄹ거나「어미」ようかな。ようじゃないか	(略待下称) 話し手が自分の考えについて自問したり相手の意見を尋ねる意を表す「終結語尾」。
걸	-ㄹ걸「어미」1.だろう 2.すればよかった。すればよかったのに	(略待下称) 推し量ったり推測する意を表す「終結語尾」。 (略待下称) 過去のことに対する後悔・未練の意を表す「終結語尾」。
게	-ㄹ게「어미」よ。からね	(略待下称) 話し手がある行動をすることを話し手が聞き手に約束したり、その意志を表明する意を表す「終結語尾」。 
까	-ㄹ까「어미」1.だろうか。かしら。かな 2.ようか	(略待下称) 何かについての疑問や推量の意を表す「終結語尾」。 (略待下称) 話し手の考えや推量を表したり相手の意思を尋ねるのに用いる「終結語尾」。
꼬	-ㄹ꼬「어미」1.だろう。であろう 2.ようか	(下称) ある事実についての話し手の疑問や推量の意を表す「終結語尾」で、古めかしい言い方。 (下称) ある事実について話し手自身、または相手に意思を尋ねる意を表す「終結語尾」で、古めかしい言い方。
는지	-ㄹ는지「어미」1.だろうか。かどうか 2.だろうか。かどうか 3.だろうか。かどうか	後にくる事柄と関連している前の話の表す事態が実際に起こるかという疑問の意を表す「連結語尾」。 前の言葉の表す事態が実際に起こる可能性に対する話し手の疑問や不審の意を表す「終結語尾」。 (等称か略待下称) ある不確かなことが実際に起こる可能性に対する疑問の意を表す「終結語尾」。
라	-ㄹ라「어미」かもしれない。かねない	(下称) 前の言葉の表す内容通りになることを心配するのに用いる「終結語尾」。
라고	-ㄹ라고「어미」ようってのか	ある事実に対する否定や不審の意を表す「終結語尾」。 
라치면	-ㄹ라치면「어미」ともなれば。ならば	過去の経験をもとに、前に述べる事柄を後に述べる事柄の条件にするという意を表す「連結語尾」。
락	-ㄹ락「어미」そうに	ほとんど実現しそうな様子を表す「連結語尾」。
래	-ㄹ래「어미」よ。か	(略待下称) これから何かをしようとする自分の意思を表したり、それについての聞き手の意思を尋ねる意を表す「終結語尾」。
망정	-ㄹ망정「어미」1.するとも。であるとも。といえども 2.するとも。といえども。であっても。ことはあっても	否定的な前の事柄を認めながらもそれに反する内容の事柄をつづけて述べるのに用いる「連結語尾」。 ある否定的な状況を仮定して表しながらも、それに反する内容である後の事柄を強調するのに用いる「連結語尾」。
밖에	-ㄹ밖에「어미」しかない。よりほかない。よりしかたない	(略待下称) それ以外には他に方法がないという意を表す「終結語尾」。
뿐더러	-ㄹ뿐더러「어미」ばかりでなく。ばかりか。だけでなく。のみならず	ある事柄に加えて別の事柄もあるという意を表す「連結語尾」。
세	-ㄹ세「어미」1.だよ 2.（だ）ね。（だ）なあ。（だった）ね。（だった）なあ	(等称) 話し手の考えを聞き手に説明する意を表す「終結語尾」。 (等称) 何かを新たに悟って感嘆する意を表す「終結語尾」。
세라	-ㄹ세라「어미」1.ではないか。しやしまいか。 2.ではないかと。しやしまいかと 3.（だ）ね。（だ）な	もしかしてそうなるのではないかと心配する意を表す「連結語尾」。 (下称)もしかしてそうなるのではないかと心配する意を表す「連結語尾」。 感嘆の意を表す「終結語尾」。
수록	-ㄹ수록「어미」ほど	前の事柄の程度がひどくなることにつれて、後の事柄の程度も変わるという意を表す「連結語尾」。
지	-ㄹ지「어미」1.かどうか 2.か。だろうか	ある推測について漠然とした疑問をもち、それを後に述べる事柄や判断に関連付けるのに用いる「連結語尾」。 (略待下称) 話し手の漠然とした疑問の意を表す「終結語尾」。 
지라도	-ㄹ지라도「어미」（たとえ）…ても。…であっても。…しようとも	ある状況を提示したり仮定した上で、それと関係ない事柄や反対の状況を続けて述べるのに用いる「連結語尾」。
지언정	-ㄹ지언정「어미」（たとえ）…ても。…であっても	前の事柄の内容を認めたり仮定した上で、それと対照的な後の事柄を強調する意を表す「連結語尾」。
세	-ㅁ세「어미」しよう。するよ。するわ	(等称) 話し手が何かを快く引き受ける意を表す「終結語尾」。 
에도	-ㅁ에도「어미」にも（かかわらず）	前の言葉の内容から起こると期待されていた事態が起こらなかったり、それとは反対の事態が起こるという意を表す「連結語尾」。
네	-ㅂ네「어미」とか。だの	ある事実について悪く評価し、引用するように述べるのに用いる「終結語尾」。
니까	-ㅂ니까「어미」ますか。ですか	(上称) 話し手が聞き手に対して丁寧に尋ねる意を表す「終結語尾」。
니다	-ㅂ니다「어미」ます。です	(上称) 現在の動作や状態、事実を丁寧に説明する意を表す「終結語尾」。 
디까	-ㅂ디까「어미」ましたか。でしたか(中称) 	聞き手が直接経験した事について尋ねる意を表す「終結語尾」。
디다	-ㅂ디다「어미」でした。ていました	(中称) 話し手が直接経験した事を伝え知らせる意を表す「終結語尾」。
시다	-ㅂ시다「어미」ましょう	(中称) ある行動を一緒にしようという意を表す「終結語尾」。
죠	-ㅂ죠「어미」ますよ。ですよ。でしょう	(上称) 話し手が確信している事に関する主張や質問の意を表す「終結語尾」。
지요	-ㅂ지요「어미」ますよ。ですよ。でしょう	(上称) 話し手が確信している事に関する主張や質問の意を表す「終結語尾」。
